{
	"type": "lithostitched:add_template_pool_elements",
	"predicate": {
		"type": "lithostitched:all_of",
			"predicates": [
			{
				"type": "lithostitched:mod_loaded",
				"mod_id": "croptopia"
			}
		]
	},
	"template_pool": "ctov:village/snowy_igloo/house",
	"elements": [
		{
			"weight": 5,
			"element": {
				"element_type": "minecraft:single_pool_element",
				"projection": "rigid",
				"processors": "ctov:orchard/snowy/ice_igloo",
				"location":"ctov:village/snowy_igloo/jobsite/orchard"
			}
		},
		{
			"weight": 5,
			"element": {
				"element_type": "minecraft:single_pool_element",
				"projection": "rigid",
				"processors": "ctov:orchard/snowy/igloo",
				"location":"ctov:village/snowy_igloo/jobsite/orchard"
			}
		},
		{
			"weight": 5,
			"element": {
				"element_type": "minecraft:single_pool_element",
				"projection": "rigid",
				"processors": "ctov:croptopia_farm/snowy/ice_igloo",
				"location":"ctov:village/taiga_fortified/jobsite/farm"
			}
		},
		{
			"weight": 5,
			"element": {
				"element_type": "minecraft:single_pool_element",
				"projection": "rigid",
				"processors": "ctov:croptopia_farm/snowy/igloo",
				"location":"ctov:village/taiga_fortified/jobsite/farm"
			}
		}
	]
}