{
	"name": "ctov:pillager_outpost/swamp/features",
	"fallback": "minecraft:empty",
	"elements": [
		{
			"weight": 1,
			"element": {
				"element_type": "minecraft:legacy_single_pool_element",
				"projection": "rigid",
				"location": "ctov:pillager_outpost/swamp/cage",
				"processors": {
					"processors": []
				}
			}
		},
		{
			"weight": 1,
			"element": {
				"element_type": "minecraft:legacy_single_pool_element",
				"projection": "rigid",
				"location": "ctov:pillager_outpost/swamp/golem_cage",
				"processors": {
					"processors": []
				}
			}
		},
		{
			"weight": 1,
			"element": {
				"element_type": "minecraft:legacy_single_pool_element",
				"projection": "rigid",
				"location": "ctov:pillager_outpost/swamp/allays_cage",
				"processors": {
					"processors": []
				}
			}
		},
        {
			"weight": 1,
			"element": {
				"element_type": "minecraft:legacy_single_pool_element",
				"projection": "rigid",
				"location": "ctov:pillager_outpost/swamp/ravager_cage",
				"processors": {
					"processors": []
				}
			}
		},
		{
			"weight": 1,
			"element": {
				"element_type": "minecraft:legacy_single_pool_element",
				"projection": "rigid",
				"location": "ctov:pillager_outpost/swamp/log",
				"processors": {
					"processors": []
				}
			}
		},
		{
			"weight": 1,
			"element": {
				"element_type": "minecraft:legacy_single_pool_element",
				"projection": "rigid",
				"location": "ctov:pillager_outpost/swamp/cook_tent",
				"processors": {
					"processors": []
				}
			}
		},
		{
			"weight": 1,
			"element": {
				"element_type": "minecraft:legacy_single_pool_element",
				"projection": "rigid",
				"location": "ctov:pillager_outpost/swamp/smith_tent",
				"processors": {
					"processors": []
				}
			}
		},
		{
			"weight": 1,
			"element": {
				"element_type": "minecraft:legacy_single_pool_element",
				"projection": "rigid",
				"location": "ctov:pillager_outpost/swamp/targets",
				"processors": {
					"processors": []
				}
			}
		},
		{
			"weight": 6,
			"element": {
				"element_type": "minecraft:empty_pool_element"
			}
		}
	]
}
