{
  "type": "minecraft:chest",
  "pools": [
    {
      "bonus_rolls": 0.0,
      "entries": [
        {
          "type": "minecraft:item",
          "functions": [
            {
              "add": false,
              "count": {
                "type": "minecraft:uniform",
                "max": 16.0,
                "min": 6.0
              },
              "function": "minecraft:set_count"
            }
          ],
          "name": "minecraft:wheat"
        },
        {
          "type": "minecraft:item",
          "functions": [
            {
              "add": false,
              "count": {
                "type": "minecraft:uniform",
                "max": 12.0,
                "min": 4.0
              },
              "function": "minecraft:set_count"
            }
          ],
          "name": "minecraft:cactus"
        },
        {
          "type": "minecraft:item",
          "functions": [
            {
              "add": false,
              "count": {
                "type": "minecraft:uniform",
                "max": 16.0,
                "min": 8.0
              },
              "function": "minecraft:set_count"
            }
          ],
          "name": "minecraft:green_dye"
        },
        {
          "type": "minecraft:item",
          "functions": [
            {
              "add": false,
              "count": {
                "type": "minecraft:uniform",
                "max": 14.0,
                "min": 8.0
              },
              "function": "minecraft:set_count"
            }
          ],
          "name": "minecraft:clay_ball"
        },
        {
          "type": "minecraft:item",
          "functions": [
            {
              "add": false,
              "count": {
                "type": "minecraft:uniform",
                "max": 16.0,
                "min": 10.0
              },
              "function": "minecraft:set_count"
            }
          ],
          "name": "minecraft:sandstone"
        },
        {
          "type": "minecraft:item",
          "functions": [
            {
              "add": false,
              "count": {
                "type": "minecraft:uniform",
                "max": 16.0,
                "min": 10.0
              },
              "function": "minecraft:set_count"
            }
          ],
          "name": "minecraft:red_sandstone"
        },
        {
          "type": "minecraft:item",
          "functions": [
            {
              "add": false,
              "count": {
                "type": "minecraft:uniform",
                "max": 16.0,
                "min": 10.0
              },
              "function": "minecraft:set_count"
            }
          ],
          "name": "minecraft:terracotta"
        },
        {
          "type": "minecraft:item",
          "functions": [
            {
              "add": false,
              "count": {
                "type": "minecraft:uniform",
                "max": 16.0,
                "min": 10.0
              },
              "function": "minecraft:set_count"
            }
          ],
          "name": "minecraft:black_terracotta"
        },
        {
          "type": "minecraft:item",
          "functions": [
            {
              "add": false,
              "count": {
                "type": "minecraft:uniform",
                "max": 16.0,
                "min": 10.0
              },
              "function": "minecraft:set_count"
            }
          ],
          "name": "minecraft:white_terracotta"
        },
        {
          "type": "minecraft:item",
          "functions": [
            {
              "add": false,
              "count": {
                "type": "minecraft:uniform",
                "max": 10.0,
                "min": 4.0
              },
              "function": "minecraft:set_count"
            }
          ],
          "name": "minecraft:rabbit_hide"
        },
        {
          "type": "minecraft:item",
          "functions": [
            {
              "add": false,
              "count": {
                "type": "minecraft:uniform",
                "max": 16.0,
                "min": 10.0
              },
              "function": "minecraft:set_count"
            }
          ],
          "name": "minecraft:paper"
        },
        {
          "type": "minecraft:item",
          "functions": [
            {
              "add": false,
              "count": {
                "type": "minecraft:uniform",
                "max": 6.0,
                "min": 3.0
              },
              "function": "minecraft:set_count"
            }
          ],
          "name": "minecraft:bread"
        }
      ],
      "rolls": 1.0
    }
  ],
  "random_sequence": "wares:agreement/village/badlands_requested_sell"
}