{
	"type": "minecraft:jigsaw",
	"biomes": "#minecraft:is_jungle",
	"step": "surface_structures",
	"spawn_overrides": {
	  "monster": {
		"bounding_box": "full",
		"spawns": [
		  {
			"type": "minecraft:pillager",
			"weight": 5,
			"minCount": 1,
			"maxCount": 5
		  },
		  {
			"type": "minecraft:evoker",
			"weight": 1,
			"minCount": 1,
			"maxCount": 1
		  },
		  {
			"type": "minecraft:vindicator",
			"weight": 2,
			"minCount": 1,
			"maxCount": 3
		  },
		  {
			"type": "minecraft:witch",
			"weight": 2,
			"minCount": 1,
			"maxCount": 1
		  }
		]
	  }
	},
	"terrain_adaptation": "beard_thin",
	"start_pool": "ctov:pillager_outpost/jungle/start",
	"size": 2,
	"start_height": {
	  "absolute": 0
	},
	"project_start_to_heightmap": "WORLD_SURFACE_WG",
	"max_distance_from_center": 80,
	"use_expansion_hack": true
}