{
    "name": "ctov:village/mountain_alpine/deco",
    "fallback": "minecraft:empty",
    "elements": [
        {
            "weight": 1,
            "element": {
                "element_type": "minecraft:single_pool_element",
                "projection": "rigid",
                "processors": "minecraft:empty",
                "location": "ctov:village/mountain_alpine/deco/bench"
            }
        },
        {
            "weight": 1,
            "element": {
                "element_type": "minecraft:single_pool_element",
                "projection": "rigid",
                "processors": "minecraft:empty",
                "location": "ctov:village/mountain_alpine/deco/bush"
            }
        },
        {
            "weight": 1,
            "element": {
                "element_type": "minecraft:single_pool_element",
                "projection": "rigid",
                "processors": "minecraft:empty",
                "location": "ctov:village/mountain_alpine/deco/fountain"
            }
        },
        {
            "weight": 1,
            "element": {
                "element_type": "minecraft:single_pool_element",
                "projection": "rigid",
                "processors": "minecraft:empty",
                "location": "ctov:village/mountain_alpine/deco/market_stall"
            }
        },
        {
            "weight": 1,
            "element": {
                "element_type": "minecraft:single_pool_element",
                "projection": "rigid",
                "processors": "minecraft:empty",
                "location": "ctov:village/mountain_alpine/deco/table"
            }
        },
        {
            "weight": 1,
            "element": {
                "element_type": "minecraft:single_pool_element",
                "projection": "rigid",
                "processors": "minecraft:empty",
                "location": "ctov:village/mountain_alpine/deco/lamp_1"
            }
        },
        {
            "weight": 1,
            "element": {
                "element_type": "minecraft:single_pool_element",
                "projection": "rigid",
                "processors": "minecraft:empty",
                "location": "ctov:village/mountain_alpine/deco/lamp_2"
            }
        },
        {
            "weight": 1,
            "element": {
                "element_type": "minecraft:single_pool_element",
                "projection": "rigid",
                "processors": "minecraft:empty",
                "location": "ctov:village/mountain_alpine/deco/lamp_3"
            }
        },
        {
            "weight": 1,
            "element": {
                "element_type": "minecraft:single_pool_element",
                "projection": "rigid",
                "processors": "minecraft:empty",
                "location": "ctov:village/mountain_alpine/deco/lamp_4"
            }
        },
        {
            "weight": 1,
            "element": {
                "element_type": "minecraft:single_pool_element",
                "projection": "rigid",
                "processors": "minecraft:empty",
                "location": "ctov:village/mountain_alpine/deco/lamp_5"
            }
        },
        {
            "weight": 1,
            "element":{
                "element_type":"minecraft:feature_pool_element",
                "projection":"rigid",
                "feature": "minecraft:flower_meadow"
            }
        },
        {
            "weight": 1,
            "element":{
                "element_type":"minecraft:feature_pool_element",
                "projection":"rigid",
                "feature": "minecraft:trees_meadow"
            }
        },
        {
			"weight": 1,
			"element": {
				"element_type": "minecraft:single_pool_element",
				"projection": "rigid",
				"location": "ctov:village/mountain_alpine/deco/beekeeper",
				"processors": "minecraft:empty"
			}
		},
		{
			"weight": 1,
			"element": {
				"element_type": "minecraft:single_pool_element",
				"projection": "rigid",
				"location": "ctov:village/mountain_alpine/deco/copper_golem",
				"processors": "minecraft:empty"
			}
		},
        {
			"weight": 1,
			"element": {
				"element_type": "minecraft:single_pool_element",
				"projection": "rigid",
				"location": "ctov:village/mountain_alpine/deco/vm",
				"processors": "minecraft:empty"
			}
		},
        {
			"weight": 1,
			"element": {
				"element_type": "minecraft:single_pool_element",
				"projection": "rigid",
				"location": "ctov:village/mountain_alpine/deco/goddess_statue",
				"processors": "minecraft:empty"
			}
		},
        {
			"weight": 1,
			"element": {
				"element_type": "minecraft:single_pool_element",
				"projection": "rigid",
				"location": "ctov:village/mountain_alpine/deco/bard_house",
				"processors": "minecraft:empty"
			}
		},
        {
			"weight": 1,
			"element": {
				"element_type": "minecraft:single_pool_element",
				"projection": "rigid",
				"location": "ctov:village/mountain_alpine/deco/garbage_heaps",
				"processors": "minecraft:empty"
			}
		},
        {
			"weight": 1,
			"element": {
				"element_type": "minecraft:single_pool_element",
				"projection": "rigid",
				"location": "ctov:village/mountain_alpine/jobsite/chicken_coop",
				"processors": "minecraft:empty"
			}
		},
        {
            "weight":5,
            "element":{
                "element_type": "minecraft:empty_pool_element",
                "projection":"rigid"
            }
        }
    ]
}