{
	"type": "lithostitched:add_template_pool_elements",
	"predicate": {
		"type": "lithostitched:all_of",
			"predicates": [
			{
				"type": "lithostitched:mod_loaded",
				"mod_id": "advancedperipherals"
			}
		]
	},
	"template_pool": "ctov:village/christmas/house",
	"elements": [
		{
			"weight": 5,
			"element": {
				"element_type": "minecraft:single_pool_element",
				"projection": "rigid",
				"processors": "minecraft:empty",
				"location":"ctov:village/christmas/computer_lab"
			}
		}
	]
}