{
	"processors": [
		{
			"processor_type": "minecraft:rule",
			"rules": [
				{
					"location_predicate": {
						"predicate_type": "minecraft:always_true"
					},
					"input_predicate": {
						"predicate_type": "minecraft:random_block_match",
						"block": "minecraft:wheat",
						"probability": 0.25
					},
					"output_state": {
						"Name": "minecraft:carrots",
						"Properties": {
							"age": "7"
						}
					}
				},
				{
					"location_predicate": {
						"predicate_type": "minecraft:always_true"
					},
					"input_predicate": {
						"predicate_type": "minecraft:random_block_match",
						"block": "minecraft:wheat",
						"probability": 0.25
					},
					"output_state": {
						"Name": "minecraft:potatoes",
						"Properties": {
							"age": "7"
						}
					}
				},
				{
					"location_predicate": {
						"predicate_type": "minecraft:always_true"
					},
					"input_predicate": {
						"predicate_type": "minecraft:random_block_match",
						"block": "minecraft:wheat",
						"probability": 0.25
					},
					"output_state": {
						"Name": "minecraft:beetroots",
						"Properties": {
							"age": "3"
						}
					}
				}
			]
		},
        {
            "processor_type":"minecraft:rule",
            "rules": [
                {
                    "position_predicate":{
                        "predicate_type": "always_true"
                    },
                    "input_predicate": {
                        "predicate_type": "random_block_match",
                        "block": "minecraft:cut_sandstone",
                        "probability": 0.3
                    },
                    "location_predicate": {
                        "predicate_type": "always_true"
                    },
                    "output_state": {
                        "Name": "minecraft:sandstone"
                    }
                }
            ]
        },
        {
            "processor_type": "minecraft:rule",
            "rules": [
                {
                    "position_predicate": {
                        "predicate_type": "minecraft:always_true"
                    },
                    "input_predicate": {
                        "predicate_type": "minecraft:random_block_match",
                        "block": "minecraft:azalea_leaves",
                        "probability": 0.4
                    },
                    "location_predicate": {
                        "predicate_type": "minecraft:always_true"
                    },
                    "output_state": {
                        "Name": "minecraft:flowering_azalea_leaves",
                        "Properties":{
                            "persistent":"true",
                            "distance":"7"
                        }
                    }
                    
                }
            ]
        },
        {
            "processor_type": "minecraft:rule",
            "rules": [
                {
                    "position_predicate": {
                        "predicate_type": "minecraft:always_true"
                    },
                    "input_predicate": {
                        "predicate_type": "minecraft:random_block_match",
                        "block": "minecraft:campfire",
                        "properties":{
                            "lit":"false"
                        },
                        "probability": 0.2
                    },
                    "location_predicate": {
                        "predicate_type": "minecraft:always_true"
                    },
                    "output_state": {
                        "Name": "minecraft:azalea_leaves",
                        "Properties":{
                            "persistent":"true",
                            "distance":"7"
                        }
                    }
                }
            ]
        }
    ]
}