{
    "processors": [
        {
			"processor_type": "minecraft:rule",
			"rules": [
				{
					"location_predicate": {
						"predicate_type": "minecraft:always_true"
					},
					"input_predicate": {
						"predicate_type": "minecraft:random_block_match",
						"block": "minecraft:wheat",
						"probability": 0.25
					},
					"output_state": {
						"Name": "minecraft:carrots",
						"Properties": {
							"age": "7"
						}
					}
				},
				{
					"location_predicate": {
						"predicate_type": "minecraft:always_true"
					},
					"input_predicate": {
						"predicate_type": "minecraft:random_block_match",
						"block": "minecraft:wheat",
						"probability": 0.25
					},
					"output_state": {
						"Name": "minecraft:potatoes",
						"Properties": {
							"age": "7"
						}
					}
				},
				{
					"location_predicate": {
						"predicate_type": "minecraft:always_true"
					},
					"input_predicate": {
						"predicate_type": "minecraft:random_block_match",
						"block": "minecraft:wheat",
						"probability": 0.25
					},
					"output_state": {
						"Name": "minecraft:beetroots",
						"Properties": {
							"age": "3"
						}
					}
				}
			]
		}
    ]
}