{
		"name": "ctov:village/halloween/house",
		"fallback": "ctov:village/halloween/decos",
		"elements": [
			{
				"weight": 10,
				"element": {
					"element_type": "minecraft:single_pool_element",
					"projection": "rigid",
					"location": "ctov:village/halloween/house/small_1",
					"processors": "ctov:detailing/halloween/house"
				}
			},
			{
				"weight": 10,
				"element": {
					"element_type": "minecraft:single_pool_element",
					"projection": "rigid",
					"location": "ctov:village/halloween/house/small_2",
					"processors": "ctov:detailing/halloween/house"
				}
			},
			{
				"weight": 10,
				"element": {
					"element_type": "minecraft:single_pool_element",
					"projection": "rigid",
					"location": "ctov:village/halloween/house/small_3",
					"processors": "ctov:detailing/halloween/house"
				}
			},
			{
				"weight": 10,
				"element": {
					"element_type": "minecraft:single_pool_element",
					"projection": "rigid",
					"location": "ctov:village/halloween/house/small_4",
					"processors": "ctov:detailing/halloween/house"
				}
			},
			{
				"weight": 10,
				"element": {
					"element_type": "minecraft:single_pool_element",
					"projection": "rigid",
					"location": "ctov:village/halloween/house/small_5",
					"processors": "ctov:detailing/halloween/house"
				}
			},
			{
				"weight": 10,
				"element": {
					"element_type": "minecraft:single_pool_element",
					"projection": "rigid",
					"location": "ctov:village/halloween/house/med_1",
					"processors": "ctov:detailing/halloween/house"
				}
			},
			{
				"weight": 10,
				"element": {
					"element_type": "minecraft:single_pool_element",
					"projection": "rigid",
					"location": "ctov:village/halloween/house/med_2",
					"processors": "ctov:detailing/halloween/house"
				}
			},
			{
				"weight": 10,
				"element": {
					"element_type": "minecraft:single_pool_element",
					"projection": "rigid",
					"location": "ctov:village/halloween/house/big_1",
				"processors": "ctov:detailing/halloween/house"
			}
		},
		{
			"weight": 10,
			"element": {
				"element_type": "minecraft:single_pool_element",
				"projection": "rigid",
				"location": "ctov:village/halloween/house/big_2",
				"processors": "ctov:detailing/halloween/house"
			}
		},
		{
			"weight": 5,
			"element": {
				"element_type": "minecraft:single_pool_element",
				"projection": "rigid",
				"location": "ctov:village/halloween/jobsite/butcher",
				"processors": "ctov:detailing/halloween/house"
			}
		},
		{
			"weight": 5,
			"element": {
				"element_type": "minecraft:single_pool_element",
				"projection": "rigid",
				"location": "ctov:village/halloween/jobsite/cartography",
				"processors": "ctov:detailing/halloween/house"
			}
		},
		{
			"weight": 5,
			"element": {
				"element_type": "minecraft:single_pool_element",
				"projection": "rigid",
				"location": "ctov:village/halloween/jobsite/chemist",
				"processors": "ctov:detailing/halloween/house"
			}
		},
		{
			"weight": 5,
			"element": {
				"element_type": "minecraft:single_pool_element",
				"projection": "rigid",
				"location": "ctov:village/halloween/jobsite/fishing_hut",
				"processors": "ctov:detailing/halloween/house"
			}
		},
		{
			"weight": 5,
			"element": {
				"element_type": "minecraft:single_pool_element",
				"projection": "rigid",
				"location": "ctov:village/halloween/jobsite/library",
				"processors": "ctov:detailing/halloween/house"
			}
		},
		{
			"weight": 5,
			"element": {
				"element_type": "minecraft:single_pool_element",
				"projection": "rigid",
				"location": "ctov:village/halloween/jobsite/loomhouse",
				"processors": "ctov:detailing/halloween/house"
			}
		},
		{
			"weight": 5,
			"element": {
				"element_type": "minecraft:single_pool_element",
				"projection": "rigid",
				"location": "ctov:village/halloween/jobsite/mason",
				"processors": "ctov:detailing/halloween/house"
			}
		},
		{
			"weight": 5,
			"element": {
				"element_type": "minecraft:single_pool_element",
				"projection": "rigid",
				"location": "ctov:village/halloween/jobsite/pen",
				"processors": "ctov:detailing/halloween/house"
			}
		},
		{
			"weight": 1,
			"element": {
					"element_type": "minecraft:single_pool_element",
					"projection": "rigid",
					"processors": "ctov:farm/halloween",
					"location": "ctov:village/halloween/jobsite/farm"
			}
		},
		{
			"weight": 1,
			"element": {
					"element_type": "minecraft:single_pool_element",
					"projection": "rigid",
					"processors": "ctov:orchard/halloween",
					"location": "ctov:village/halloween/jobsite/orchard"
			}
		},
		{
			"weight": 1,
			"element": {
					"element_type": "minecraft:single_pool_element",
					"projection": "rigid",
					"processors": "ctov:farm/halloween",
					"location": "ctov:village/halloween/jobsite/fd_farm"
			}
		},
		{
			"weight": 5,
			"element": {
					"element_type": "minecraft:single_pool_element",
				"projection": "rigid",
				"location": "ctov:village/halloween/jobsite/smith",
				"processors": "ctov:detailing/halloween/house"
			}
		},
		{
			"weight": 5,
			"element": {
				"element_type": "minecraft:single_pool_element",
				"projection": "rigid",
				"location": "ctov:village/halloween/jobsite/tannery",
				"processors": "ctov:detailing/halloween/house"
			}
		},
		{
			"weight": 5,
			"element": {
				"element_type": "minecraft:single_pool_element",
				"projection": "rigid",
				"location": "ctov:village/halloween/jobsite/engineer",
				"processors": "ctov:detailing/halloween/house"
			}
		},
		{
			"weight": 5,
			"element": {
				"element_type": "minecraft:single_pool_element",
				"projection": "rigid",
				"location": "ctov:village/halloween/jobsite/garden",
				"processors": "ctov:detailing/halloween/house"
			}
		},
		{
			"weight": 5,
			"element": {
				"element_type": "minecraft:single_pool_element",
				"projection": "rigid",
				"location": "ctov:village/halloween/jobsite/hunter",
				"processors": "ctov:detailing/halloween/house"
			}
		},
		{
			"weight": 5,
			"element": {
				"element_type": "minecraft:single_pool_element",
				"projection": "rigid",
				"location": "ctov:village/halloween/jobsite/oceanographer",
				"processors": "ctov:detailing/halloween/house"
			}
		},
		{
			"weight": 5,
			"element": {
				"element_type": "minecraft:single_pool_element",
				"projection": "rigid",
				"location": "ctov:village/halloween/jobsite/woodworker",
				"processors": "ctov:detailing/halloween/house"
			}
		},
		{
			"weight": 5,
			"element": {
				"element_type": "minecraft:single_pool_element",
				"projection": "rigid",
				"location": "ctov:village/halloween/jobsite/chicken_coop",
				"processors": "ctov:detailing/halloween/house"
			}
		},
		{
			"weight": 5,
			"element": {
				"element_type": "minecraft:single_pool_element",
				"projection": "rigid",
				"location": "ctov:village/halloween/jobsite/imengineer",
				"processors": "ctov:detailing/halloween/house"
			}
		},
		{
			"weight": 5,
			"element": {
				"element_type": "minecraft:single_pool_element",
				"projection": "rigid",
				"location": "ctov:village/halloween/jobsite/hunter_trainer",
				"processors": "ctov:detailing/halloween/house"
			}
		},
		{
			"weight": 5,
			"element": {
				"element_type": "minecraft:single_pool_element",
				"projection": "rigid",
				"location": "ctov:village/halloween/jobsite/restaurant",
				"processors": "ctov:detailing/halloween/house"
			}
		},
		{
			"weight": 5,
			"element": {
				"element_type": "minecraft:single_pool_element",
				"projection": "rigid",
				"location": "ctov:village/halloween/jobsite/botanist",
				"processors": "ctov:detailing/halloween/house"
			}
		},
		{
			"weight": 5,
			"element": {
				"element_type": "minecraft:single_pool_element",
				"projection": "rigid",
				"location": "ctov:village/halloween/jobsite/wizard_tower",
				"processors": "ctov:detailing/halloween/house"
			}
		},
		{
			"weight": 5,
			"element": {
				"element_type": "minecraft:single_pool_element",
				"projection": "rigid",
				"location": "ctov:village/halloween/jobsite/petshop",
				"processors": "ctov:detailing/halloween/house"
			}
		},
		{
			"weight": 5,
			"element": {
				"element_type": "minecraft:single_pool_element",
				"projection": "rigid",
				"location": "ctov:village/halloween/jobsite/alchemist",
				"processors": "ctov:detailing/halloween/house"
			}
		},
		{
			"weight": 5,
			"element": {
				"element_type": "minecraft:single_pool_element",
				"projection": "rigid",
				"location": "ctov:village/halloween/jobsite/aquarium",
				"processors": "ctov:detailing/halloween/house"
			}
		},
		{
			"weight": 5,
			"element": {
				"element_type": "minecraft:single_pool_element",
				"projection": "rigid",
				"location": "ctov:village/halloween/jobsite/horticulturist",
				"processors": "ctov:detailing/halloween/house"
			}
		},
		{
			"weight": 5,
			"element": {
				"element_type": "minecraft:single_pool_element",
				"projection": "rigid",
				"location": "ctov:village/halloween/jobsite/occultist",
				"processors": "ctov:detailing/halloween/house"
			}
		}
	]
}
	