{
	"name": "ctov:pillager_outpost/snowy/features",
	"fallback": "minecraft:empty",
	"elements": [
		{
			"weight": 1,
			"element": {
				"element_type": "minecraft:legacy_single_pool_element",
				"projection": "rigid",
				"location": "ctov:pillager_outpost/snowy/cage",
				"processors": "minecraft:empty"
			}
		},
		{
			"weight": 1,
			"element": {
				"element_type": "minecraft:legacy_single_pool_element",
				"projection": "rigid",
				"location": "ctov:pillager_outpost/snowy/golem_cage",
				"processors": "minecraft:empty"
			}
		},
		{
			"weight": 1,
			"element": {
				"element_type": "minecraft:legacy_single_pool_element",
				"projection": "rigid",
				"location": "ctov:pillager_outpost/snowy/allays_cage",
				"processors": "minecraft:empty"
			}
		},
        {
			"weight": 1,
			"element": {
				"element_type": "minecraft:legacy_single_pool_element",
				"projection": "rigid",
				"location": "ctov:pillager_outpost/snowy/ravager_cage",
				"processors": "minecraft:empty"
			}
		},
		{
			"weight": 1,
			"element": {
				"element_type": "minecraft:legacy_single_pool_element",
				"projection": "rigid",
				"location": "ctov:pillager_outpost/snowy/log",
				"processors": "minecraft:empty"
			}
		},
		{
			"weight": 1,
			"element": {
				"element_type": "minecraft:legacy_single_pool_element",
				"projection": "rigid",
				"location": "ctov:pillager_outpost/snowy/cook_tent",
				"processors": "minecraft:empty"
			}
		},
		{
			"weight": 1,
			"element": {
				"element_type": "minecraft:legacy_single_pool_element",
				"projection": "rigid",
				"location": "ctov:pillager_outpost/snowy/smith_tent",
				"processors": "minecraft:empty"
			}
		},
		{
			"weight": 1,
			"element": {
				"element_type": "minecraft:legacy_single_pool_element",
				"projection": "rigid",
				"location": "ctov:pillager_outpost/snowy/targets",
				"processors": "minecraft:empty"
			}
		},
		{
			"weight": 1,
			"element": {
			  "location": "savage_and_ravage:pillager_outpost/feature_targets_arrow",
			  "processors": "minecraft:empty",
			  "projection": "rigid",
			  "element_type": "minecraft:single_pool_element"
			}
		},
		{
			"weight": 1,
			"element": {
				"element_type": "minecraft:single_pool_element",
				"projection": "rigid",
				"processors": "minecraft:empty",
				"location":"ctov:pillager_outpost/snowy/feature_kennel"
			}
		},
		{
			"weight": 6,
			"element": {
				"element_type": "minecraft:empty_pool_element"
			}
		}
	]
}
