{
	"name": "ctov:village/mesa_fortified/deco",
	"fallback": "minecraft:empty",
	"elements": [
		{
			"weight": 10,
			"element": {
				"element_type": "minecraft:single_pool_element",
				"projection": "rigid",
				"location": "ctov:village/mesa_fortified/deco/brazer",
				"processors": "minecraft:empty"
			}
		},
		{
			"weight": 10,
			"element": {
				"element_type": "minecraft:single_pool_element",
				"projection": "rigid",
				"location": "ctov:village/mesa_fortified/deco/stall_1",
				"processors": "minecraft:empty"
			}
		},
		{
			"weight": 10,
			"element": {
				"element_type": "minecraft:single_pool_element",
				"projection": "rigid",
				"location": "ctov:village/mesa_fortified/deco/stall_2",
				"processors": "minecraft:empty"
			}
		},
		{
			"weight": 1,
			"element": {
				"element_type": "minecraft:single_pool_element",
				"projection": "rigid",
				"location": "ctov:village/mesa_fortified/deco/statue",
				"processors": "minecraft:empty"
			}
		},
		{
			"weight": 10,
			"element": {
				"element_type": "minecraft:single_pool_element",
				"projection": "rigid",
				"location": "ctov:village/mesa_fortified/deco/tree_1",
				"processors": "minecraft:empty"
			}
		},
		{
			"weight": 10,
			"element": {
				"element_type": "minecraft:single_pool_element",
				"projection": "rigid",
				"location": "ctov:village/mesa_fortified/deco/tree_2",
				"processors": "minecraft:empty"
			}
		},
		{
			"weight": 10,
			"element": {
				"element_type": "minecraft:single_pool_element",
				"projection": "rigid",
				"location": "ctov:village/mesa_fortified/deco/tree_3",
				"processors": "minecraft:empty"
			}
		},
		{
			"weight": 10,
			"element": {
				"element_type": "minecraft:single_pool_element",
				"projection": "rigid",
				"location": "ctov:village/mesa_fortified/deco/tree_4",
				"processors": "minecraft:empty"
			}
		},
		{
			"weight": 10,
			"element": {
				"element_type": "minecraft:single_pool_element",
				"projection": "rigid",
				"location": "ctov:village/mesa_fortified/deco/well",
				"processors": "minecraft:empty"
			}
		},
		{
			"weight": 20,
			"element": {
				"element_type": "minecraft:feature_pool_element",
				"projection": "rigid",
				"feature": "minecraft:patch_cactus"
			}
		},
		{
			"weight": 20,
			"element": {
				"element_type": "minecraft:feature_pool_element",
				"projection": "rigid",
				"feature": "minecraft:pile_hay"
			}
		},
		{
			"weight": 10,
			"element": {
				"element_type": "minecraft:single_pool_element",
				"projection": "rigid",
				"location": "ctov:village/mesa_fortified/deco/beekeeper",
				"processors": "minecraft:empty"
			}
		},
		{
			"weight": 10,
			"element": {
				"element_type": "minecraft:single_pool_element",
				"projection": "rigid",
				"location": "ctov:village/mesa_fortified/deco/copper_golem",
				"processors": "minecraft:empty"
			}
		},
		{
			"weight": 10,
			"element": {
				"element_type": "minecraft:single_pool_element",
				"projection": "rigid",
				"location": "ctov:village/mesa_fortified/deco/vm",
				"processors": "minecraft:empty"
			}
		},
		{
			"weight": 10,
			"element": {
				"element_type": "minecraft:single_pool_element",
				"projection": "rigid",
				"location": "ctov:village/mesa_fortified/deco/goddess_statue",
				"processors": "minecraft:empty"
			}
		},
		{
			"weight": 10,
			"element": {
				"element_type": "minecraft:single_pool_element",
				"projection": "rigid",
				"location": "ctov:village/mesa_fortified/deco/bard_house",
				"processors": "minecraft:empty"
			}
		},
		{
			"weight": 10,
			"element": {
				"element_type": "minecraft:single_pool_element",
				"projection": "rigid",
				"location": "ctov:village/mesa_fortified/deco/garbage_heaps",
				"processors": "minecraft:empty"
			}
		},
		{
			"weight": 10,
			"element": {
				"element_type": "minecraft:single_pool_element",
				"projection": "rigid",
				"location": "ctov:village/mesa_fortified/jobsite/chicken_coop",
				"processors": "minecraft:empty"
			}
		},
		{
			"weight": 50,
			"element": {
				"element_type": "minecraft:empty_pool_element",
				"projection": "rigid"
			}
		}
	]
}