{
	"ctov:large/village_beach":"minecraft:turtle_egg",
	"ctov:medium/village_beach":"minecraft:turtle_egg",
	"ctov:small/village_beach":"minecraft:turtle_egg",
	"ctov:large/village_dark_forest":"minecraft:dark_oak_log",
	"ctov:medium/village_dark_forest":"minecraft:dark_oak_log",
	"ctov:small/village_dark_forest":"minecraft:dark_oak_log",
	"ctov:large/village_desert":"minecraft:cut_sandstone",
	"ctov:medium/village_desert":"minecraft:cut_sandstone",
	"ctov:small/village_desert":"minecraft:cut_sandstone",
	"ctov:large/village_jungle":"minecraft:jungle_log",
	"ctov:medium/village_jungle":"minecraft:jungle_log",
	"ctov:small/village_jungle":"minecraft:jungle_log",
	"ctov:large/village_mesa":"minecraft:cut_red_sandstone",
    "ctov:medium/village_mesa":"minecraft:cut_red_sandstone",
    "ctov:small/village_mesa":"minecraft:cut_red_sandstone",
	"ctov:large/village_mountain":"minecraft:emerald_ore",
    "ctov:medium/village_mountain":"minecraft:emerald_ore",
    "ctov:small/village_mountain":"minecraft:emerald_ore",
	"ctov:large/village_mushroom":"minecraft:mushroom_stem",
    "ctov:medium/village_mushroom":"minecraft:mushroom_stem",
    "ctov:small/village_mushroom":"minecraft:mushroom_stem",
	"ctov:large/village_plains":"minecraft:oak_stairs",
    "ctov:medium/village_plains":"minecraft:oak_stairs",
    "ctov:small/village_plains":"minecraft:oak_stairs",
	"ctov:large/village_savanna":"minecraft:acacia_log",
    "ctov:medium/village_savanna":"minecraft:acacia_log",
    "ctov:small/village_savanna":"minecraft:acacia_log",
	"ctov:large/village_snowy":"minecraft:ice",
    "ctov:medium/village_snowy":"minecraft:ice",
    "ctov:small/village_snowy":"minecraft:ice",
	"ctov:large/village_swamp":"minecraft:lily_pad",
    "ctov:medium/village_swamp":"minecraft:lily_pad",
    "ctov:small/village_swamp":"minecraft:lily_pad",
	"ctov:large/village_taiga":"minecraft:spruce_wood",
    "ctov:medium/village_taiga":"minecraft:spruce_wood",
    "ctov:small/village_taiga":"minecraft:spruce_wood",
	"ctov:pillager_outpost_beach":"minecraft:water_bucket",
    "ctov:pillager_outpost_dark_forest":"minecraft:dark_oak_fence",
    "ctov:pillager_outpost_desert":"minecraft:sandstone_wall",
    "ctov:pillager_outpost_jungle":"minecraft:jungle_fence",
    "ctov:pillager_outpost_badlands":"minecraft:red_sandstone_wall",
    "ctov:pillager_outpost_mountain":"minecraft:deepslate_emerald_ore",
    "ctov:pillager_outpost_plains":"minecraft:oak_fence",
    "ctov:pillager_outpost_savanna":"minecraft:acacia_fence",
    "ctov:pillager_outpost_snowy":"minecraft:snowball",
    "ctov:pillager_outpost_swamp":"minecraft:mangrove_fence",
    "ctov:pillager_outpost_taiga":"minecraft:spruce_fence"
}