{
	"name": "ctov:village/plains_fortified/deco",
	"fallback": "minecraft:empty",
	"elements": [
		{
			"weight": 1,
			"element": {
				"element_type": "minecraft:single_pool_element",
				"projection": "rigid",
				"location": "ctov:village/plains_fortified/deco/lamp_1",
				"processors": "minecraft:empty"
			}
		},
		{
			"weight": 1,
			"element": {
				"element_type": "minecraft:single_pool_element",
				"projection": "rigid",
				"location": "ctov:village/plains_fortified/deco/lamp_2",
				"processors": "minecraft:empty"
			}
		},
		{
			"weight": 1,
			"element": {
				"element_type": "minecraft:single_pool_element",
				"projection": "rigid",
				"location": "ctov:village/plains_fortified/deco/lamp_3",
				"processors": "minecraft:empty"
			}
		},
		{
			"weight": 1,
			"element": {
				"element_type": "minecraft:single_pool_element",
				"projection": "rigid",
				"location": "ctov:village/plains_fortified/deco/lamp_4",
				"processors": "minecraft:empty"
			}
		},
		{
			"weight": 1,
			"element": {
				"element_type": "minecraft:single_pool_element",
				"projection": "rigid",
				"location": "ctov:village/plains_fortified/deco/well",
				"processors": "minecraft:empty"
			}
		},
		{
			"weight": 1,
			"element": {
				"element_type": "minecraft:single_pool_element",
				"projection": "rigid",
				"location": "ctov:village/plains_fortified/deco/tree",
				"processors": "minecraft:empty"
			}
		},
		{
			"weight": 1,
			"element": {
				"element_type": "minecraft:single_pool_element",
				"projection": "rigid",
				"location": "ctov:village/plains_fortified/deco/cart",
				"processors": "minecraft:empty"
			}
		},
		{
			"weight": 1,
			"element": {
				"element_type": "minecraft:single_pool_element",
				"projection": "rigid",
				"location": "ctov:village/plains_fortified/deco/fountain",
				"processors": "minecraft:empty"
			}
		},
		{
			"weight": 1,
			"element": {
				"element_type": "minecraft:feature_pool_element",
				"projection": "rigid",
				"feature": "minecraft:oak"
			}
		},
		{
			"weight": 1,
			"element": {
				"element_type": "minecraft:feature_pool_element",
				"projection": "rigid",
				"feature": "minecraft:flower_plain"
			}
		},
		{
			"weight": 1,
			"element": {
				"element_type": "minecraft:feature_pool_element",
				"projection": "rigid",
				"feature": "minecraft:forest_flowers"
			}
		},
		{
			"weight": 1,
			"element": {
				"element_type": "minecraft:feature_pool_element",
				"projection": "rigid",
				"feature": "minecraft:pile_hay"
			}
		},
		{
			"weight": 1,
			"element": {
				"element_type": "minecraft:single_pool_element",
				"projection": "rigid",
				"processors": "minecraft:empty",
				"location": "ctov:village/plains_fortified/deco/beekeeper"
			}
		},
		{
			"weight": 1,
			"element": {
				"element_type": "minecraft:single_pool_element",
				"projection": "rigid",
				"processors": "minecraft:empty",
				"location": "ctov:village/plains_fortified/deco/copper_golem"
			}
		},
		{
			"weight":5,
			"element":{
					"element_type": "minecraft:empty_pool_element",
					"projection": "rigid"
			}
		}
	]
}