{
    "name": "monobank:village/monobank/dark_forest",
    "fallback": "monobank:village/monobank/dark_forest",
    "elements": [
      {
        "weight": 12,
        "element": {
          "location": "monobank:village/monobank/dark_forest_locked",
          "processors": "minecraft:empty",
          "projection": "rigid",
          "element_type": "minecraft:single_pool_element"
        }
      },
      {
        "weight": 3,
        "element": {
          "location": "monobank:village/monobank/dark_forest_unlocked",
          "processors": "minecraft:empty",
          "projection": "rigid",
          "element_type": "minecraft:single_pool_element"
        }
      },
      {
        "weight": 1,
        "element": {
          "location": "monobank:village/monobank/empty",
          "processors": "minecraft:empty",
          "projection": "rigid",
          "element_type": "minecraft:single_pool_element"
        }
      }
    ]
  }