{
	"name": "monobank:village/monobank/swamp",
	"fallback": "monobank:village/monobank/swamp",
	"elements": [
	  {
		"weight": 12,
		"element": {
		  "location": "monobank:village/monobank/swamp_locked",
		  "processors": "minecraft:empty",
		  "projection": "rigid",
		  "element_type": "minecraft:single_pool_element"
		}
	  },
	  {
		"weight": 3,
		"element": {
		  "location": "monobank:village/monobank/swamp_unlocked",
		  "processors": "minecraft:empty",
		  "projection": "rigid",
		  "element_type": "minecraft:single_pool_element"
		}
	  },
	  {
		"weight": 1,
		"element": {
		  "location": "monobank:village/monobank/empty",
		  "processors": "minecraft:empty",
		  "projection": "rigid",
		  "element_type": "minecraft:single_pool_element"
		}
	  }
	]
}