{
	"name": "ctov:pillager_outpost/beach/features",
	"fallback": "minecraft:empty",
	"elements": [
		{
			"weight": 1,
			"element": {
				"element_type": "minecraft:legacy_single_pool_element",
				"projection": "rigid",
				"location": "ctov:pillager_outpost/beach/cage",
				"processors": {
					"processors": []
				}
			}
		},
		{
			"weight": 1,
			"element": {
				"element_type": "minecraft:legacy_single_pool_element",
				"projection": "rigid",
				"location": "ctov:pillager_outpost/beach/golem_cage",
				"processors": {
					"processors": []
				}
			}
		},
		{
			"weight": 1,
			"element": {
				"element_type": "minecraft:legacy_single_pool_element",
				"projection": "rigid",
				"location": "ctov:pillager_outpost/beach/allays_cage",
				"processors": {
					"processors": []
				}
			}
		},
        {
			"weight": 1,
			"element": {
				"element_type": "minecraft:legacy_single_pool_element",
				"projection": "rigid",
				"location": "ctov:pillager_outpost/beach/ravager_cage",
				"processors": {
					"processors": []
				}
			}
		},
		{
			"weight": 1,
			"element": {
				"element_type": "minecraft:legacy_single_pool_element",
				"projection": "rigid",
				"location": "ctov:pillager_outpost/beach/ship",
				"processors": {
					"processors": []
				}
			}
		},
		{
			"weight": 1,
			"element": {
				"element_type": "minecraft:legacy_single_pool_element",
				"projection": "rigid",
				"location": "ctov:pillager_outpost/beach/cook_tent",
				"processors": {
					"processors": []
				}
			}
		},
		{
			"weight": 1,
			"element": {
				"element_type": "minecraft:legacy_single_pool_element",
				"projection": "rigid",
				"location": "ctov:pillager_outpost/beach/smith_tent",
				"processors": {
					"processors": []
				}
			}
		},
		{
			"weight": 1,
			"element": {
				"element_type": "minecraft:legacy_single_pool_element",
				"projection": "rigid",
				"location": "ctov:pillager_outpost/beach/targets",
				"processors": {
					"processors": []
				}
			}
		},
		{
			"weight": 1,
			"element": {
			  "location": "savage_and_ravage:pillager_outpost/feature_targets_arrow",
			  "processors": "minecraft:empty",
			  "projection": "rigid",
			  "element_type": "minecraft:single_pool_element"
			}
		},
		{
			"weight": 6,
			"element": {
				"element_type": "minecraft:empty_pool_element"
			}
		}
	]
}
