{
	"name":"ctov:village/jungle_tree/house_terminator",
	"fallback": "minecraft:empty",
	"elements": [
		{
			"weight": 1,
			"element": {
				"element_type": "minecraft:single_pool_element",
				"projection": "rigid",
				"processors": "minecraft:empty",
				"location": "ctov:village/jungle_tree/roads/terminator_house"
			}
		},
		{
			"weight": 1,
			"element": {
				"element_type": "minecraft:single_pool_element",
				"projection": "rigid",
				"processors": "minecraft:empty",
				"location": "ctov:village/jungle_tree/roads/beekeeper"
			}
		},
		{
			"weight": 1,
			"element": {
				"element_type": "minecraft:single_pool_element",
				"projection": "rigid",
				"processors": "minecraft:empty",
				"location": "ctov:village/jungle_tree/roads/copper_golem"
			}
		}
	]
}